doctor_id,full_name,crm_number,specialty,department,hire_date,is_active
1,Dr(a). Clara da Cruz,CRM-MT-209728,Ortopedia,Maternidade,2019-02-24,1
2,Dr(a). Sr. João Miguel Montenegro,CRM-RR-34225,Cardiologia,Centro Cirúrgico,2023-05-07,0
3,Dr(a). Vitória Barbosa,CRM/MS 44162,Endocrinologia,ONCOLOGIA,2006-03-29,1
4,Dr(a). Mariane Mendes,CRM/AP 193725,Pneumologia,MATERNIDADE,2020-12-06,0
5,Dr(a). Maria Liz Dias,206321-RN,Dermatologia,Internacao ,2010-06-08,1
6,Dr(a). Davi Lucas Rios,CRM/SE 224109,Reumatologia,PRONTO SOCORRO,2006-03-23,1
7,Dr(a). Rafaela Fernandes,CRM/RO 239407,Neurologia,Internacao ,2008-09-29,1
8,Dr(a). Srta. Eloah Machado,CRM-ES-15354,Oftalmologia,INTERNACAO,2014-05-25,1
9,Dr(a). Jade Cassiano,CRM-RS-139569,Ortopedia,Maternidade,2023-04-19,1
10,Dr(a). Alice Casa Grande,46055-SP,Dermatologia,INTERNACAO,2019-10-17,0
11,Dr(a). Thomas Nogueira,CRM-RO-23434,Reumatologia,internacao,2016-01-20,1
12,Dr(a). Rodrigo Rocha,CRM-SE-244088,Urologia,P.S.,2017-11-12,1
13,Dr(a). Mathias Novaes,CRM-PA-160535,Neurologia,Pronto  Socorro,2015-09-04,1
14,Dr(a). Maria Liz Fernandes,54846-DF,Oftalmologia,Uti,2024-03-08,1
15,Dr(a). Vinícius Ferreira,CRM-TO-103643,Oncologia,internacao,2019-10-08,1
16,Dr(a). Otávio Campos,CRM-RJ-244698,Anestesiologia,Maternidade,2013-03-29,0
17,Dr(a). Benício Fonseca,44789-AP,Endocrinologia,Diagnóstico por Imagem,2013-05-28,0
18,Dr(a). Maitê Barros,CRM/AL 37801,Pneumologia,Diagnóstico por Imagem,2022-10-27,1
19,Dr(a). Gael Machado,CRM/RS 94109,Anestesiologia,ambulatorio,2023-08-14,1
20,Dr(a). Sr. Anthony Gabriel Oliveira,77835-CE,Oncologia,Internacao ,2020-01-01,1
21,Dr(a). Liam Pimenta,CRM/PR 227087,Dermatologia,oncologia ,2023-06-24,1
22,Dr(a). Benício da Rosa,CRM/AL 67810,Ginecologia,Internação,2009-06-01,1
23,Dr(a). Srta. Laura Vargas,CRM-TO-176909,Anestesiologia,Pronto Socorro,2005-05-03,1
24,Dr(a). Sr. Kevin Nunes,CRM-PB-153962,Pneumologia,Centro Cirúrgico,2006-01-10,1
25,Dr(a). Pedro Miguel Rios,CRM/CE 19414,Neurologia,PRONTO SOCORRO,2018-03-16,1
26,Dr(a). Eduarda Macedo,CRM/RO 23071,Ortopedia,Pronto Socorro,2005-11-09,1
27,Dr(a). Thales Aparecida,198975-PB,Gastroenterologia,P.S.,2023-03-02,0
28,Dr(a). Ana Lívia da Cunha,CRM-PB-246703,Endocrinologia,Uti,2012-08-23,0
29,Dr(a). Dr. Rhavi Machado,171382-AL,Pediatria,U.T.I.,2005-09-12,0
30,Dr(a). João Felipe Almeida,CRM/CE 84749,Reumatologia,internacao,2017-02-08,1
31,Dr(a). Bryan Moraes,CRM/MT 100940,Pneumologia,ambulatorio,2019-03-08,1
32,Dr(a). Alexia da Costa,CRM/PI 28943,Reumatologia,Ambulatorio ,2010-02-26,1
33,Dr(a). Evelyn Rocha,CRM/MA 160164,Dermatologia,C. Cirúrgico,2018-10-11,1
34,Dr(a). Thales Nogueira,CRM/RN 43131,Oncologia,ambulatorio,2012-03-25,1
35,Dr(a). João Guilherme Marques,54644-PA,Psiquiatria,oncologia ,2020-11-02,1
36,Dr(a). Lunna Mendonça,CRM-PR-103449,Pediatria,C. Cirúrgico,2011-07-07,1
37,Dr(a). Luigi Barbosa,CRM-RN-245785,Oftalmologia,Maternidade,2014-03-24,1
38,Dr(a). Ana Liz Mendonça,CRM/SC 209078,Pneumologia,uti,2012-04-01,1
39,Dr(a). Aurora Caldeira,CRM-TO-203109,Neurologia,PRONTO SOCORRO,2005-09-14,0
40,Dr(a). Isabela Machado,CRM/AL 212801,Reumatologia,P.S.,2007-05-13,1
41,Dr(a). Ravi Lucca Aparecida,CRM/SP 92735,Endocrinologia,Pronto Socorro,2006-01-07,1
42,Dr(a). João Felipe Fernandes,CRM/SP 62002,Dermatologia,INTERNACAO,2012-11-13,1
43,Dr(a). Luana Nunes,130880-GO,Gastroenterologia,Maternidade,2016-10-24,1
44,Dr(a). Gabrielly Silveira,100794-AP,Oncologia,Uti,2022-04-22,1
45,Dr(a). Matheus Correia,CRM/RS 179850,Urologia,internacao,2010-07-27,1
46,Dr(a). Luigi da Paz,CRM/AM 47159,Ginecologia,Uti,2010-08-11,0
47,Dr(a). Clara Guerra,CRM/PR 47880,Pediatria,uti,2012-12-22,1
48,Dr(a). Alexandre da Mata,214813-PR,Neurologia,Diagnóstico por Imagem,2024-06-27,1
49,Dr(a). Luiz Gustavo Teixeira,CRM/RJ 220304,Reumatologia,Pronto Socorro,2016-07-17,0
50,Dr(a). Antony Machado,153494-BA,Pneumologia,C. Cirúrgico,2005-06-22,0
51,Dr(a). Miguel Aragão,CRM/RJ 111105,Neurologia,Centro Cirúrgico,2021-10-20,1
52,Dr(a). Arthur Vargas,77245-AP,Ginecologia,CENTRO CIRURGICO,2017-09-04,1
53,Dr(a). Ester Macedo,241827-TO,Urologia,Centro Cirúrgico,2018-08-27,1
54,Dr(a). Josué Machado,78537-AC,Psiquiatria,maternidade,2018-03-02,1
55,Dr(a). Maria Helena Fernandes,CRM/TO 211171,Oftalmologia,DIAGNOSTICO POR IMAGEM,2005-03-04,0
56,Dr(a). Caleb da Rosa,CRM/MG 173734,Dermatologia,C. Cirúrgico,2009-09-27,1
57,Dr(a). Sr. Davi Lucca Ramos,CRM/BA 71719,Oftalmologia,uti,2010-10-20,1
58,Dr(a). Sr. Kevin da Mota,CRM-AC-68031,Oncologia,Centro Cirúrgico,2007-04-04,1
59,Dr(a). Maria Laura Cirino,CRM/TO 210089,Oncologia,ONCOLOGIA,2012-11-08,1
60,Dr(a). Ester Melo,CRM-MG-217129,Ortopedia,Internação,2020-06-21,1
61,Dr(a). Srta. Maria Flor Pereira,CRM-PI-70770,Dermatologia,AMBULATORIO,2013-04-20,1
62,Dr(a). Marcos Vinicius Pastor,CRM/AP 113060,Dermatologia,ambulatorio,2021-11-03,1
63,Dr(a). Lorenzo da Cruz,CRM-AM-11047,Cardiologia,UTI,2015-01-28,0
64,Dr(a). Sra. Isabella Nunes,CRM-TO-36458,Clínica Geral,maternidade,2008-03-15,1
65,Dr(a). Antonella Azevedo,CRM/SP 205522,Pediatria,U.T.I.,2010-05-09,0
66,Dr(a). João Monteiro,CRM/PB 149472,Ortopedia,Diagnóstico por Imagem,2018-03-22,1
67,Dr(a). Liz da Costa,CRM-AC-220493,Anestesiologia,internacao,2009-03-07,1
68,Dr(a). Emanuella Farias,CRM/PI 125386,Clínica Geral,Ambulatorio ,2009-04-13,1
69,Dr(a). Maitê Brito,93922-RN,Psiquiatria,maternidade,2015-09-12,0
70,Dr(a). Dra. Daniela Machado,149570-DF,Clínica Geral,centro cirurgico,2016-01-03,1
71,Dr(a). Mateus Lopes,CRM-MT-106366,Psiquiatria,Centro Cirúrgico,2019-06-09,1
72,Dr(a). Vinicius da Mota,CRM/AC 44353,Psiquiatria,internacao,2013-09-19,1
73,Dr(a). Cauê Vasconcelos,CRM/ES 149474,Ginecologia,internacao,2013-10-15,0
74,Dr(a). José Miguel Novaes,127434-ES,Pneumologia,P.S.,2018-10-09,0
75,Dr(a). Maitê Mendonça,CRM-PI-206283,Gastroenterologia,AMBULATORIO,2015-04-11,1
76,Dr(a). Leonardo da Paz,206987-AM,Anestesiologia,Ambulatorio ,2020-04-13,1
77,Dr(a). Dra. Beatriz Gomes,CRM/ES 217253,Reumatologia,AMBULATORIO,2008-11-01,1
78,Dr(a). Ana Julia Moreira,CRM/MS 81209,Pneumologia,Pronto Socorro,2011-08-02,1
79,Dr(a). Letícia Lopes,112333-PB,Anestesiologia,Pronto  Socorro,2016-04-02,0
80,Dr(a). Stella Lopes,CRM/AC 24138,Reumatologia,internacao,2011-04-12,1
81,Dr(a). Luara Sousa,CRM-PR-218032,Ginecologia,UTI,2007-11-17,1
82,Dr(a). Cauê Vargas,CRM/RO 169946,Pediatria,P.S.,2019-10-10,1
83,Dr(a). Pietra Jesus,CRM-PR-244786,Gastroenterologia,MATERNIDADE,2015-04-23,1
84,Dr(a). Srta. Alice Montenegro,185175-MG,Gastroenterologia,Internacao ,2012-10-26,1
85,Dr(a). Vitória Teixeira,CRM/PE 73050,Oftalmologia,Diagnóstico por Imagem,2006-02-26,1
86,Dr(a). Nathan da Conceição,CRM/RO 88853,Oncologia,Centro Cirúrgico,2020-07-14,1
87,Dr(a). Ana Carolina Brito,CRM/AM 42053,Urologia,oncologia ,2017-02-14,1
88,Dr(a). Levi Ribeiro,10917-RN,Pediatria,Ambulatorio ,2007-11-16,1
89,Dr(a). Maria Laura Monteiro,CRM/RR 58943,Reumatologia,diag. imagem,2019-03-12,1
90,Dr(a). Maria Flor Abreu,CRM/SP 102055,Pneumologia,C. Cirúrgico,2011-01-10,1
91,Dr(a). Ian da Cunha,25990-PI,Neurologia,uti,2015-08-15,0
92,Dr(a). Gael Cardoso,CRM/RJ 22672,Anestesiologia,Ambulatorio ,2016-05-26,1
93,Dr(a). Mariah Moreira,59650-AP,Ortopedia,Maternidade,2018-10-23,1
94,Dr(a). Luara Vargas,CRM-BA-176361,Psiquiatria,internacao,2013-08-09,1
95,Dr(a). Dom Farias,CRM-MS-191281,Endocrinologia,UTI,2017-05-18,0
96,Dr(a). Kevin Abreu,242214-AM,Gastroenterologia,diag. imagem,2022-01-11,1
97,Dr(a). Sra. Isabel Nogueira,CRM-MT-197169,Dermatologia,uti,2020-01-08,1
98,Dr(a). Sr. Davi Lucas Ribeiro,CRM/BA 90331,Neurologia,Pronto  Socorro,2022-08-09,1
99,Dr(a). Ana Júlia Cardoso,CRM-MS-202403,Oftalmologia,oncologia ,2005-11-15,1
100,Dr(a). Stephany Abreu,CRM/AM 81631,Urologia,Pronto  Socorro,2016-12-21,1
101,Dr(a). Dr. Raul Ferreira,CRM-SE-224179,Pediatria,oncologia ,2016-10-15,1
102,Dr(a). Juan Vasconcelos,215886-RJ,Ginecologia,U.T.I.,2007-03-05,1
103,Dr(a). Eloah Alves,CRM-SE-188462,Dermatologia,Maternidade,2010-03-09,0
104,Dr(a). Dr. Dom Caldeira,CRM-TO-210588,Urologia,P.S.,2016-09-19,1
105,Dr(a). Raul Marques,222855-RR,Gastroenterologia,Uti,2014-07-24,1
106,Dr(a). Nina Camargo,48989-CE,Oncologia,P.S.,2016-08-25,0
107,Dr(a). Melina da Mota,CRM-AC-168422,Clínica Geral,MATERNIDADE,2013-02-11,1
108,Dr(a). Bento da Rocha,63793-RN,Dermatologia,Pronto  Socorro,2019-10-20,0
109,Dr(a). Eloá Ramos,CRM/RJ 249520,Pediatria,PRONTO SOCORRO,2017-08-24,1
110,Dr(a). Ian Fernandes,CRM-PI-17064,Pediatria,ambulatorio,2022-09-30,1
111,Dr(a). Davi Lopes,98672-PA,Neurologia,AMBULATORIO,2013-02-25,0
112,Dr(a). Benjamim da Cruz,CRM/RS 50815,Ortopedia,internacao,2020-04-20,1
113,Dr(a). Gabrielly da Luz,65506-PI,Pneumologia,ambulatorio,2018-11-07,1
114,Dr(a). Aylla da Cruz,CRM/RJ 49880,Ginecologia,ambulatorio,2007-03-30,1
115,Dr(a). Dr. Benjamim Cavalcanti,CRM/PR 88552,Ginecologia,Uti,2017-12-21,1
116,Dr(a). Luan Martins,CRM/AL 63785,Clínica Geral,C. Cirúrgico,2006-07-04,1
117,Dr(a). Lara Siqueira,CRM-ES-97747,Oncologia,UTI,2005-10-06,1
118,Dr(a). Dr. João Pedro Siqueira,CRM/RN 166452,Ortopedia,oncologia ,2013-07-01,1
119,Dr(a). Maria Isis Pinto,CRM/RS 50868,Psiquiatria,internacao,2009-10-20,1
120,Dr(a). Vinicius Cardoso,CRM/PE 89874,Neurologia,UTI,2022-02-24,0
121,Dr(a). Sr. João Vitor Viana,CRM-PR-249242,Ortopedia,centro cirurgico,2022-10-20,0
122,Dr(a). Felipe Vargas,180363-PE,Endocrinologia,Internação,2005-04-29,1
123,Dr(a). Isabel Peixoto,CRM/PE 46092,Cardiologia,Internacao ,2016-02-11,1
124,Dr(a). Giovanna Guerra,196976-MT,Reumatologia,UTI,2009-10-03,1
125,Dr(a). Maria Eduarda Montenegro,CRM/RS 52395,Reumatologia,C. Cirúrgico,2024-10-21,1
126,Dr(a). Davi Lucca da Paz,CRM-SC-196065,Gastroenterologia,internacao,2017-08-23,1
127,Dr(a). Bella Caldeira,CRM/RO 88065,Neurologia,Pronto Socorro,2019-10-02,1
128,Dr(a). Rafaela da Mata,180081-AM,Reumatologia,ambulatorio,2020-12-25,1
129,Dr(a). Ian Nascimento,CRM-RR-242493,Urologia,C. Cirúrgico,2019-01-08,1
130,Dr(a). Zoe Ferreira,CRM/PI 124240,Ortopedia,Ambulatório,2014-10-08,1
131,Dr(a). Levi das Neves,62471-MS,Anestesiologia,MATERNIDADE,2005-12-10,1
132,Dr(a). Rael Jesus,174898-AC,Pneumologia,DIAGNOSTICO POR IMAGEM,2019-05-21,1
133,Dr(a). Sr. Gabriel Pacheco,CRM/PB 124327,Reumatologia,U.T.I.,2022-08-07,1
134,Dr(a). Alana Nogueira,CRM/BA 130238,Oncologia,Internação,2021-08-01,1
135,Dr(a). Eloá Albuquerque,CRM/AC 243743,Urologia,Diagnóstico por Imagem,2018-01-30,0
136,Dr(a). Luna Cirino,CRM-AP-205626,Pediatria,Maternidade,2016-10-01,1
137,Dr(a). Sr. Diogo da Mota,134300-RS,Dermatologia,Diagnóstico por Imagem,2019-11-04,0
138,Dr(a). Giovanna Caldeira,150845-RR,Gastroenterologia,Centro Cirúrgico,2008-06-26,1
139,Dr(a). Dra. Daniela Farias,185988-MS,Reumatologia,Maternidade,2013-06-20,1
140,Dr(a). Léo Santos,CRM-RO-120179,Oncologia,oncologia ,2021-09-22,1
141,Dr(a). Sra. Heloisa Cavalcanti,CRM/RJ 39423,Ginecologia,Ambulatório,2020-03-20,1
142,Dr(a). Maya Monteiro,CRM-SE-173487,Anestesiologia,Pronto Socorro,2022-01-20,1
143,Dr(a). Vitor Viana,CRM-PB-23264,Gastroenterologia,oncologia ,2011-03-23,1
144,Dr(a). Laura Rios,CRM-PB-241187,Cardiologia,ONCOLOGIA,2015-04-16,1
145,Dr(a). Breno Porto,CRM/MT 65656,Endocrinologia,Oncologia,2007-02-24,0
146,Dr(a). Arthur Rezende,26554-MA,Clínica Geral,maternidade,2012-10-27,0
147,Dr(a). Renan Lopes,CRM/MT 71248,Neurologia,Oncologia,2015-05-07,0
148,Dr(a). Dr. Anthony Moreira,35321-AP,Ginecologia,UTI,2010-06-25,1
149,Dr(a). Eduarda da Rocha,CRM/MS 173355,Endocrinologia,Oncologia,2022-09-12,1
150,Dr(a). Marcos Vinicius Rodrigues,CRM/PB 170553,Oftalmologia,INTERNACAO,2023-08-27,1
151,Dr(a). Catarina Rocha,CRM-RJ-166606,Gastroenterologia,centro cirurgico,2012-11-05,1
152,Dr(a). Srta. Ana Julia Moreira,CRM-RN-165602,Clínica Geral,PRONTO SOCORRO,2021-03-04,1
153,Dr(a). Júlia Pires,CRM/AL 190577,Dermatologia,UTI,2019-01-12,1
154,Dr(a). Nicole Sousa,CRM-MT-169798,Oncologia,diag. imagem,2006-02-04,1
155,Dr(a). Maria Cecília Casa Grande,99886-PA,Ortopedia,ONCOLOGIA,2014-07-14,0
156,Dr(a). Rodrigo Alves,CRM/BA 167892,Ginecologia,Oncologia,2012-04-19,0
157,Dr(a). Dra. Stephany Costela,CRM/RN 16322,Ginecologia,Pronto  Socorro,2008-01-29,1
158,Dr(a). Arthur Miguel Rocha,CRM-BA-209830,Pediatria,centro cirurgico,2007-07-23,0
159,Dr(a). Ayla da Luz,CRM-AC-83033,Clínica Geral,Internação,2009-04-06,0
160,Dr(a). Arthur Silva,169603-AL,Anestesiologia,Centro Cirúrgico,2015-10-19,1
161,Dr(a). Antonella Castro,CRM/PB 230474,Anestesiologia,U.T.I.,2014-07-31,0
162,Dr(a). Maria Vitória Andrade,CRM/DF 244112,Ortopedia,oncologia ,2023-05-27,1
163,Dr(a). Lunna Nogueira,163308-MT,Urologia,centro cirurgico,2019-04-25,1
164,Dr(a). Ana Clara Costa,68886-RS,Clínica Geral,C. Cirúrgico,2016-07-09,1
165,Dr(a). Beatriz Sales,CRM/PB 39566,Ortopedia,P.S.,2014-02-10,1
166,Dr(a). Murilo Mendonça,CRM/MS 155653,Psiquiatria,Oncologia,2020-07-11,1
167,Dr(a). Ana Clara Vieira,CRM-DF-69268,Urologia,Diagnóstico por Imagem,2021-10-13,1
168,Dr(a). Mariana Dias,70323-GO,Urologia,Internacao ,2023-03-21,1
169,Dr(a). Sabrina Sousa,115878-PR,Clínica Geral,UTI,2024-08-05,0
170,Dr(a). Daniela Novais,13051-AL,Oftalmologia,Internacao ,2009-06-07,1
171,Dr(a). João Pedro Fogaça,CRM/RJ 238296,Ginecologia,AMBULATORIO,2019-10-30,0
172,Dr(a). Dr. Augusto Rios,225544-PA,Urologia,PRONTO SOCORRO,2005-10-10,1
173,Dr(a). Davi Luiz Melo,CRM/PB 209794,Ortopedia,DIAGNOSTICO POR IMAGEM,2012-12-12,0
174,Dr(a). Larissa Martins,CRM/GO 111924,Urologia,Internacao ,2014-12-21,0
175,Dr(a). Théo Guerra,CRM-ES-50191,Ginecologia,diag. imagem,2015-01-11,0
176,Dr(a). Eloá Mendonça,CRM/RS 107296,Anestesiologia,DIAGNOSTICO POR IMAGEM,2020-07-11,1
177,Dr(a). Isabel Abreu,CRM-AP-19530,Ginecologia,uti,2012-09-05,1
178,Dr(a). André Araújo,99958-RN,Ortopedia,pronto-socorro,2008-05-13,0
179,Dr(a). Sr. Gustavo Henrique Marques,CRM/SE 94897,Cardiologia,Maternidade,2010-01-16,0
180,Dr(a). Luna Montenegro,164072-AC,Oftalmologia,maternidade,2009-11-02,1
181,Dr(a). Ravi Azevedo,CRM/ES 75290,Oncologia,Oncologia,2012-07-28,0
182,Dr(a). Joana da Mota,CRM-MT-82417,Gastroenterologia,AMBULATORIO,2019-07-02,0
183,Dr(a). Dra. Esther Garcia,227239-SC,Anestesiologia,AMBULATORIO,2024-09-24,1
184,Dr(a). Emanuel Peixoto,58809-MA,Dermatologia,Internacao ,2006-06-12,0
185,Dr(a). Lucca Sampaio,CRM/AM 243035,Neurologia,Uti,2015-10-09,1
186,Dr(a). Emanuelly Farias,90136-AP,Urologia,Oncologia,2017-01-14,0
187,Dr(a). João Duarte,CRM-AL-118689,Endocrinologia,Internação,2019-05-07,1
188,Dr(a). João da Cunha,67197-AL,Ginecologia,centro cirurgico,2024-11-30,1
189,Dr(a). Fernanda da Mota,CRM/RN 206138,Reumatologia,ONCOLOGIA,2013-01-27,1
190,Dr(a). Ryan Moraes,CRM/MS 42520,Reumatologia,UTI,2013-07-08,1
191,Dr(a). Levi Novaes,CRM/RS 198360,Urologia,CENTRO CIRURGICO,2006-03-01,1
192,Dr(a). Isabela Garcia,CRM-TO-78250,Reumatologia,Internação,2022-03-04,0
193,Dr(a). Joana Costa,CRM-DF-201098,Cardiologia,uti,2020-08-03,0
194,Dr(a). Apollo Siqueira,CRM-BA-212413,Gastroenterologia,Oncologia,2013-11-15,1
195,Dr(a). Dr. Antônio Azevedo,11287-PB,Urologia,Ambulatorio ,2023-02-08,0
196,Dr(a). Maria Clara da Mota,20861-RS,Neurologia,DIAGNOSTICO POR IMAGEM,2010-06-23,1
197,Dr(a). Alexia Brito,219911-CE,Psiquiatria,maternidade,2006-03-02,1
198,Dr(a). Aurora Viana,CRM-TO-229631,Neurologia,maternidade,2005-06-22,1
199,Dr(a). Dra. Clarice Macedo,CRM/PR 120448,Urologia,Diagnóstico por Imagem,2016-01-16,1
200,Dr(a). Sr. Ravy Fogaça,CRM/RJ 168568,Anestesiologia,C. Cirúrgico,2014-04-17,1
201,Dr(a). Lucas Gabriel Campos,204883-TO,Oftalmologia,maternidade,2006-12-11,1
202,Dr(a). Rafael Silva,51424-RO,Oftalmologia,diag. imagem,2017-03-19,1
203,Dr(a). Sr. Benicio Gonçalves,187592-RO,Dermatologia,Internação,2020-07-13,0
204,Dr(a). Ana Beatriz Farias,CRM/PE 177413,Dermatologia,ambulatorio,2013-09-01,1
205,Dr(a). Cecilia Porto,CRM-ES-30798,Cardiologia,diag. imagem,2007-03-04,1
206,Dr(a). Thales Almeida,CRM/PI 200941,Urologia,AMBULATORIO,2016-09-05,1
207,Dr(a). Vinicius Cunha,206760-SE,Clínica Geral,ONCOLOGIA,2013-02-23,1
208,Dr(a). Luara Siqueira,CRM-AC-223710,Clínica Geral,Pronto  Socorro,2005-05-19,1
209,Dr(a). Anthony Gabriel Mendonça,CRM/RS 232667,Pneumologia,maternidade,2018-06-22,1
210,Dr(a). Ana Lívia Leão,CRM/BA 244506,Dermatologia,Uti,2010-01-06,1
211,Dr(a). Sr. Davi Lucas Borges,CRM-SP-132440,Ginecologia,Internação,2015-03-15,1
212,Dr(a). Sr. Theo Moura,CRM/MT 79763,Urologia,internacao,2009-02-16,1
213,Dr(a). Murilo da Luz,CRM-PE-240556,Ortopedia,U.T.I.,2009-05-06,1
214,Dr(a). Dra. Luara Cunha,CRM/MA 122462,Gastroenterologia,INTERNACAO,2022-07-09,1
215,Dr(a). Renan Teixeira,209852-BA,Endocrinologia,centro cirurgico,2021-11-09,1
216,Dr(a). Sra. Laura Aragão,107366-SP,Oncologia,U.T.I.,2018-10-17,0
217,Dr(a). Théo Jesus,CRM/RR 180007,Gastroenterologia,pronto-socorro,2022-08-24,1
218,Dr(a). Enzo Gabriel Rodrigues,CRM-BA-163914,Ortopedia,Internação,2017-12-04,1
219,Dr(a). Srta. Ana Laura Ramos,CRM/MG 234782,Gastroenterologia,centro cirurgico,2012-08-19,1
220,Dr(a). Luiza Gomes,CRM-AL-43669,Dermatologia,Centro Cirúrgico,2005-02-16,1
221,Dr(a). Ian Almeida,CRM-MT-174288,Cardiologia,maternidade,2010-08-18,1
222,Dr(a). Ana Vitória Moraes,CRM/RO 84379,Oftalmologia,Oncologia,2011-10-09,0
223,Dr(a). Evelyn Fonseca,35121-PA,Endocrinologia,maternidade,2023-08-21,1
224,Dr(a). Anthony Gabriel Freitas,CRM/AC 180993,Gastroenterologia,centro cirurgico,2019-12-07,1
225,Dr(a). Rael Cunha,CRM/CE 248596,Pediatria,Internacao ,2017-04-02,1
226,Dr(a). Vicente Guerra,CRM/MA 66216,Pediatria,U.T.I.,2016-05-01,1
227,Dr(a). Maitê Pacheco,CRM-GO-206186,Neurologia,Oncologia,2018-09-02,1
228,Dr(a). Ravi Lucca Barros,170345-MS,Oftalmologia,INTERNACAO,2008-02-12,1
229,Dr(a). Alana Ramos,CRM/CE 126219,Oftalmologia,CENTRO CIRURGICO,2018-06-12,1
230,Dr(a). Luiz Fernando Fogaça,106391-AP,Reumatologia,PRONTO SOCORRO,2010-10-17,0
231,Dr(a). Lunna Vasconcelos,CRM/MS 108222,Pneumologia,Pronto  Socorro,2010-12-04,1
232,Dr(a). Antony Cunha,199893-AM,Ginecologia,UTI,2017-05-04,0
233,Dr(a). Isabela Abreu,45194-RO,Endocrinologia,maternidade,2008-10-23,0
234,Dr(a). Bella Sousa,CRM-RS-16039,Reumatologia,AMBULATORIO,2007-01-23,0
235,Dr(a). Ayla Moura,CRM-SC-195854,Dermatologia,UTI,2015-10-18,1
236,Dr(a). Sra. Luara Abreu,CRM/ES 133743,Clínica Geral,Uti,2017-07-19,1
237,Dr(a). Maria Isis Pacheco,CRM/AM 94192,Reumatologia,U.T.I.,2011-12-02,0
238,Dr(a). Renan Mendes,CRM/GO 178122,Clínica Geral,maternidade,2014-08-01,1
239,Dr(a). Thiago Gonçalves,CRM/RS 249264,Reumatologia,Maternidade,2011-12-25,0
240,Dr(a). Cauã Sá,CRM/ES 16192,Anestesiologia,INTERNACAO,2013-10-08,1
241,Dr(a). Dom Porto,CRM-BA-37861,Neurologia,oncologia ,2011-07-04,1
242,Dr(a). Isabella das Neves,CRM/AC 217050,Pediatria,Ambulatorio ,2021-09-01,1
243,Dr(a). Hadassa Silveira,CRM-PR-234671,Pediatria,UTI,2012-04-02,0
244,Dr(a). Mariah Montenegro,CRM-AL-191935,Ortopedia,U.T.I.,2014-08-18,0
245,Dr(a). Hadassa Sampaio,222945-RN,Oftalmologia,ONCOLOGIA,2015-09-13,1
246,Dr(a). Sophie Ferreira,124418-AM,Psiquiatria,MATERNIDADE,2006-08-07,1
247,Dr(a). Apollo Nogueira,233221-PE,Urologia,Ambulatorio ,2024-05-18,1
248,Dr(a). Dra. Luana Fernandes,CRM/PB 44024,Oncologia,Ambulatorio ,2020-06-14,1
249,Dr(a). Isabela Lima,125630-ES,Clínica Geral,ambulatorio,2015-10-04,0
250,Dr(a). Ana Beatriz Sampaio,132664-RN,Cardiologia,MATERNIDADE,2005-09-22,1
251,Dr(a). Otávio da Rocha,109343-RO,Ortopedia,Internação,2011-07-07,0
252,Dr(a). Giovanna da Luz,153162-CE,Pneumologia,CENTRO CIRURGICO,2017-04-17,1
253,Dr(a). Clara Correia,144708-GO,Dermatologia,Uti,2006-06-24,1
254,Dr(a). Thiago Câmara,CRM/MT 180514,Urologia,maternidade,2020-05-26,1
255,Dr(a). Sophie Lima,CRM-CE-210076,Cardiologia,oncologia ,2020-03-04,1
256,Dr(a). Sr. Rafael Campos,CRM-PR-155961,Reumatologia,MATERNIDADE,2018-07-16,0
257,Dr(a). Manuella Alves,30025-DF,Oncologia,Internação,2017-11-26,1
258,Dr(a). Cecilia Borges,CRM-PA-82000,Gastroenterologia,Internacao ,2007-09-17,0
259,Dr(a). Srta. Vitória Montenegro,CRM-PR-232105,Psiquiatria,Internacao ,2020-09-26,1
260,Dr(a). Yasmin Nascimento,37592-PE,Dermatologia,Internacao ,2018-08-11,1
261,Dr(a). Dra. Helena Vargas,217389-CE,Pediatria,CENTRO CIRURGICO,2022-03-03,1
262,Dr(a). Maria Moreira,125494-RS,Reumatologia,Pronto  Socorro,2007-03-15,0
263,Dr(a). Anthony Gabriel Nunes,CRM/PR 102320,Neurologia,MATERNIDADE,2009-02-05,1
264,Dr(a). Sra. Nina Silveira,CRM-MS-248198,Dermatologia,Internação,2016-04-04,1
265,Dr(a). Maria Helena Nunes,CRM/PB 91122,Psiquiatria,oncologia ,2021-03-26,1
266,Dr(a). Théo Pereira,CRM-PR-166844,Gastroenterologia,CENTRO CIRURGICO,2023-10-25,1
267,Dr(a). Lara Rocha,CRM-PB-120690,Clínica Geral,Ambulatório,2017-10-27,0
268,Dr(a). João Pedro Gonçalves,CRM/RN 63475,Reumatologia,internacao,2008-09-06,1
269,Dr(a). Luísa da Mata,14950-TO,Oncologia,P.S.,2014-03-05,0
270,Dr(a). Luísa Ferreira,CRM-RJ-17878,Ortopedia,AMBULATORIO,2020-02-14,1
271,Dr(a). Amanda Costa,CRM-PR-117395,Clínica Geral,U.T.I.,2012-11-09,0
272,Dr(a). Sarah Viana,239165-RN,Ginecologia,DIAGNOSTICO POR IMAGEM,2008-12-07,0
273,Dr(a). Ana Julia da Rocha,164708-MS,Ortopedia,P.S.,2010-12-17,0
274,Dr(a). Isabelly Azevedo,CRM-SC-23424,Oncologia,UTI,2020-04-19,1
275,Dr(a). Isabella Sales,CRM-RO-209218,Pneumologia,Diagnóstico por Imagem,2017-08-16,1
276,Dr(a). Rodrigo Sá,CRM/PE 115186,Neurologia,U.T.I.,2011-11-01,1
277,Dr(a). Davi Lucas Abreu,CRM/RJ 41214,Urologia,MATERNIDADE,2011-04-04,1
278,Dr(a). Ayla Cardoso,CRM/MT 63746,Oncologia,Maternidade,2015-04-20,1
279,Dr(a). Nathan Costa,111215-MT,Dermatologia,oncologia ,2005-11-19,0
280,Dr(a). Henrique Sales,CRM/AP 150813,Clínica Geral,DIAGNOSTICO POR IMAGEM,2010-06-06,1
281,Dr(a). Enzo Gabriel Fogaça,222753-PI,Cardiologia,maternidade,2010-07-01,1
282,Dr(a). Luna Oliveira,108902-PB,Neurologia,Oncologia,2005-09-16,1
283,Dr(a). Vitória Siqueira,CRM-GO-222531,Oncologia,U.T.I.,2019-07-29,1
284,Dr(a). Juliana Machado,167024-RO,Clínica Geral,Pronto Socorro,2009-01-19,1
285,Dr(a). Bernardo das Neves,CRM-RN-126370,Oftalmologia,MATERNIDADE,2011-02-09,1
286,Dr(a). Otávio Farias,166125-RN,Urologia,PRONTO SOCORRO,2013-02-20,1
287,Dr(a). Letícia Jesus,19895-RR,Oftalmologia,Pronto  Socorro,2006-09-04,1
288,Dr(a). Ana Vitória Ramos,CRM/SC 14053,Urologia,Internacao ,2005-11-27,0
289,Dr(a). Henry Souza,CRM/PR 117055,Anestesiologia,Internação,2016-06-19,0
290,Dr(a). Eduardo Caldeira,CRM-SE-20546,Cardiologia,INTERNACAO,2021-01-30,1
291,Dr(a). Ágatha Araújo,CRM/AL 51785,Oncologia,PRONTO SOCORRO,2012-11-22,1
292,Dr(a). Srta. Ana Cecília Pereira,27207-PI,Ortopedia,uti,2016-07-30,1
293,Dr(a). Dra. Bianca Abreu,176646-MS,Psiquiatria,DIAGNOSTICO POR IMAGEM,2016-11-23,1
294,Dr(a). Marcos Vinicius Novais,CRM/RO 136022,Neurologia,Centro Cirúrgico,2013-05-27,0
295,Dr(a). Nicole Fonseca,CRM/AP 40275,Dermatologia,Diagnóstico por Imagem,2016-06-03,0
296,Dr(a). Maysa Cassiano,206181-PB,Pediatria,maternidade,2018-12-20,0
297,Dr(a). Josué Aragão,164942-ES,Ginecologia,internacao,2023-09-29,1
298,Dr(a). Rodrigo Pires,CRM/ES 180520,Gastroenterologia,Ambulatorio ,2018-10-10,0
299,Dr(a). Luiza Moura,CRM/AP 87535,Pneumologia,Diagnóstico por Imagem,2006-11-23,1
300,Dr(a). Kevin Silveira,124543-MT,Ginecologia,diag. imagem,2011-05-22,1
301,Dr(a). Fernanda da Luz,CRM/PR 105648,Clínica Geral,Centro Cirúrgico,2014-08-07,0
302,Dr(a). Luana Camargo,CRM/AP 16016,Psiquiatria,U.T.I.,2006-09-18,1
303,Dr(a). Miguel Ramos,CRM/BA 161026,Oftalmologia,uti,2009-09-12,0
304,Dr(a). Camila Caldeira,136005-CE,Oncologia,PRONTO SOCORRO,2018-08-30,1
305,Dr(a). Agatha Rezende,152272-MA,Pediatria,Internacao ,2020-02-23,1
306,Dr(a). Ana Luiza Pimenta,CRM-PA-92161,Anestesiologia,Oncologia,2020-02-18,1
307,Dr(a). Bruno Martins,214930-SC,Cardiologia,Oncologia,2021-10-04,1
308,Dr(a). Otávio da Rocha,130219-MT,Psiquiatria,DIAGNOSTICO POR IMAGEM,2022-01-18,1
309,Dr(a). Sra. Maria Julia Monteiro,CRM-GO-127268,Oncologia,MATERNIDADE,2009-08-23,0
310,Dr(a). Thiago Gonçalves,219884-SE,Oftalmologia,Oncologia,2011-02-09,0
311,Dr(a). Bianca Lima,194754-GO,Urologia,PRONTO SOCORRO,2019-11-18,1
312,Dr(a). Sr. Joaquim Vasconcelos,71825-MS,Dermatologia,INTERNACAO,2024-09-24,1
313,Dr(a). Letícia Rios,CRM/DF 75754,Dermatologia,Diagnóstico por Imagem,2015-12-30,1
314,Dr(a). Leandro da Conceição,CRM/SE 234462,Dermatologia,DIAGNOSTICO POR IMAGEM,2015-01-06,1
315,Dr(a). Emanuel Peixoto,37012-PI,Urologia,DIAGNOSTICO POR IMAGEM,2017-10-22,1
316,Dr(a). Maitê Machado,195483-RS,Pneumologia,uti,2010-07-24,0
317,Dr(a). Sr. Enzo Gabriel da Costa,36914-CE,Pediatria,P.S.,2017-06-30,1
318,Dr(a). Matteo Aparecida,202578-DF,Neurologia,maternidade,2019-10-04,1
319,Dr(a). Vitor Gabriel Siqueira,37569-CE,Clínica Geral,maternidade,2013-08-03,1
320,Dr(a). Dra. Ísis da Paz,CRM/MA 244491,Ginecologia,CENTRO CIRURGICO,2005-02-17,1
321,Dr(a). Sr. Yuri Sampaio,CRM-RJ-178445,Pneumologia,Maternidade,2013-11-04,1
322,Dr(a). Júlia Macedo,CRM/RN 140957,Psiquiatria,uti,2007-04-29,1
323,Dr(a). Diego Barros,41962-AM,Neurologia,Ambulatorio ,2016-11-21,1
324,Dr(a). Vitória Jesus,CRM/CE 74660,Urologia,ONCOLOGIA,2009-05-27,1
325,Dr(a). Sra. Bianca Rocha,169211-MT,Pediatria,ambulatorio,2015-09-19,1
326,Dr(a). Ana Liz Oliveira,CRM/RO 131874,Ortopedia,DIAGNOSTICO POR IMAGEM,2017-08-30,1
327,Dr(a). Ravi Lucca Aragão,CRM-PR-169876,Gastroenterologia,Pronto Socorro,2020-08-19,1
328,Dr(a). Manuella Teixeira,CRM-SE-24140,Endocrinologia,Ambulatorio ,2014-05-14,1
329,Dr(a). Mariana Machado,96875-MT,Pediatria,internacao,2022-06-27,1
330,Dr(a). Zoe Marques,75277-MA,Pediatria,internacao,2005-01-25,0
331,Dr(a). Renan Leão,29280-SC,Ortopedia,Internacao ,2007-04-12,1
332,Dr(a). Luiza Azevedo,160828-DF,Psiquiatria,Uti,2023-08-25,1
333,Dr(a). Ryan Dias,170949-AP,Cardiologia,MATERNIDADE,2019-10-21,0
334,Dr(a). Yasmin da Luz,CRM-PR-103823,Endocrinologia,Internação,2011-10-20,0
335,Dr(a). Brenda Cunha,CRM-MG-238765,Anestesiologia,Ambulatório,2008-05-10,0
336,Dr(a). Sr. Pietro Marques,192958-PI,Psiquiatria,Uti,2009-06-12,1
337,Dr(a). Daniela Nascimento,CRM-PR-61729,Neurologia,diag. imagem,2022-07-19,1
338,Dr(a). Srta. Aylla Araújo,CRM-SP-74440,Neurologia,Diagnóstico por Imagem,2019-12-12,1
339,Dr(a). Maysa Pires,153968-MG,Psiquiatria,oncologia ,2024-03-05,0
340,Dr(a). Sr. Theodoro Lopes,31438-TO,Ortopedia,Maternidade,2022-12-27,1
341,Dr(a). Anna Liz Pires,CRM/CE 131722,Neurologia,Pronto Socorro,2014-05-17,1
342,Dr(a). Camila da Luz,97314-PR,Cardiologia,Pronto Socorro,2010-12-18,1
343,Dr(a). Yasmin Ribeiro,CRM/MG 72341,Dermatologia,Pronto Socorro,2017-12-28,1
344,Dr(a). Leonardo Gonçalves,CRM/BA 200543,Cardiologia,CENTRO CIRURGICO,2019-02-06,1
345,Dr(a). Davi Miguel Azevedo,CRM/PA 214994,Psiquiatria,maternidade,2020-10-24,1
346,Dr(a). Lucas Cunha,CRM/AL 56935,Pneumologia,uti,2010-06-25,1
347,Dr(a). Rafael Câmara,CRM-ES-162674,Oncologia,Ambulatorio ,2022-10-03,1
348,Dr(a). Henry Alves,CRM-AM-181112,Gastroenterologia,ambulatorio,2022-04-09,1
349,Dr(a). Natália Silva,CRM/MA 218302,Oncologia,C. Cirúrgico,2021-04-19,1
350,Dr(a). Maria Sophia Macedo,CRM-RS-79272,Ginecologia,Internacao ,2019-02-04,0
351,Dr(a). Ana Laura Oliveira,CRM/CE 113584,Neurologia,Ambulatório,2011-10-19,0
352,Dr(a). Kaique Montenegro,CRM/RS 149612,Gastroenterologia,U.T.I.,2018-02-05,1
353,Dr(a). Emanuella Novaes,52579-RN,Oncologia,Diagnóstico por Imagem,2005-08-16,1
354,Dr(a). Ravi Lucca Camargo,209184-MS,Cardiologia,uti,2018-01-07,1
355,Dr(a). Srta. Maria Alice Farias,213822-PA,Oftalmologia,uti,2010-08-28,1
356,Dr(a). José Miguel Vieira,CRM-SP-60206,Anestesiologia,oncologia ,2007-12-20,0
357,Dr(a). Luiz Otávio Castro,CRM/AP 218257,Clínica Geral,MATERNIDADE,2020-11-21,1
358,Dr(a). Alexandre Rocha,CRM-PA-140038,Pediatria,Centro Cirúrgico,2016-09-30,1
359,Dr(a). Bruno Araújo,CRM/RO 54894,Psiquiatria,MATERNIDADE,2017-07-26,1
360,Dr(a). Melissa Machado,CRM-BA-172467,Ginecologia,Oncologia,2023-09-09,1
361,Dr(a). Davi Luiz Pastor,CRM/PR 28725,Clínica Geral,INTERNACAO,2010-01-11,1
362,Dr(a). Larissa Sales,117094-RJ,Dermatologia,U.T.I.,2019-10-18,0
363,Dr(a). Oliver Borges,38761-MS,Ginecologia,Internacao ,2024-12-29,0
364,Dr(a). Eloá Sá,CRM/RJ 10971,Ginecologia,Maternidade,2017-06-30,1
365,Dr(a). João Pedro Macedo,CRM/BA 166524,Anestesiologia,U.T.I.,2015-10-29,0
366,Dr(a). Marcelo Duarte,CRM-RN-130236,Pediatria,maternidade,2007-10-05,1
367,Dr(a). Luiz Gustavo Pinto,CRM/RJ 202034,Oftalmologia,DIAGNOSTICO POR IMAGEM,2021-09-25,1
368,Dr(a). Ravi Martins,CRM-AC-196963,Urologia,ambulatorio,2021-01-30,0
369,Dr(a). Bruno Barros,CRM/RN 59620,Psiquiatria,CENTRO CIRURGICO,2023-03-01,0
370,Dr(a). Aylla Rocha,189628-RJ,Gastroenterologia,maternidade,2024-12-17,1
371,Dr(a). Lorenzo Dias,CRM/MT 208434,Anestesiologia,maternidade,2021-07-30,1
372,Dr(a). Kaique Novais,125557-RR,Oftalmologia,PRONTO SOCORRO,2005-09-13,0
373,Dr(a). Anthony Guerra,19521-MS,Anestesiologia,diag. imagem,2016-11-04,1
374,Dr(a). Augusto Gomes,CRM/PE 145767,Oftalmologia,AMBULATORIO,2018-02-03,0
375,Dr(a). Dante Fonseca,CRM/ES 122386,Anestesiologia,UTI,2021-06-10,0
376,Dr(a). Cecília Souza,211668-PA,Psiquiatria,Centro Cirúrgico,2013-11-20,1
377,Dr(a). Hellena Fonseca,CRM/SC 135145,Oftalmologia,UTI,2022-01-05,1
378,Dr(a). Bárbara Carvalho,CRM/MT 181270,Endocrinologia,DIAGNOSTICO POR IMAGEM,2008-10-23,1
379,Dr(a). Dra. Rafaela Cassiano,CRM/SP 24899,Reumatologia,UTI,2012-02-12,0
380,Dr(a). Sra. Lara Pinto,CRM/PB 16981,Ortopedia,CENTRO CIRURGICO,2005-05-23,1
381,Dr(a). Amanda Peixoto,CRM/RR 152193,Endocrinologia,U.T.I.,2005-03-09,1
382,Dr(a). João Miguel Caldeira,CRM/RJ 104982,Oftalmologia,Ambulatorio ,2012-01-07,0
383,Dr(a). Aurora Rocha,CRM-TO-129320,Gastroenterologia,Centro Cirúrgico,2021-07-30,1
384,Dr(a). Noah Farias,CRM/MG 238366,Psiquiatria,MATERNIDADE,2005-08-21,1
385,Dr(a). Bruna Ribeiro,CRM-SE-38360,Clínica Geral,internacao,2006-04-29,1
386,Dr(a). Manuela Pinto,CRM/AM 25835,Neurologia,internacao,2006-02-13,0
387,Dr(a). Cauã Rezende,CRM-AP-111062,Neurologia,centro cirurgico,2016-02-08,1
388,Dr(a). Dr. Danilo Pereira,CRM/MA 59259,Ginecologia,Ambulatório,2008-08-18,1
389,Dr(a). Cecília Campos,CRM/AC 33626,Pediatria,ONCOLOGIA,2013-05-13,0
390,Dr(a). Theodoro Farias,CRM/DF 172814,Oncologia,Diagnóstico por Imagem,2008-01-16,0
391,Dr(a). Vitor Ramos,91930-PR,Pediatria,Uti,2012-03-18,0
392,Dr(a). Luiz Miguel Machado,187403-SE,Anestesiologia,uti,2023-06-04,1
393,Dr(a). Eloá Santos,CRM/PR 110426,Pneumologia,P.S.,2006-08-31,1
394,Dr(a). Nicole Abreu,CRM-SE-130131,Neurologia,ONCOLOGIA,2014-10-05,0
395,Dr(a). Sr. Luan Pires,CRM-AP-54243,Pediatria,Pronto  Socorro,2015-02-21,1
396,Dr(a). Mariane Machado,CRM-PR-77283,Pediatria,Maternidade,2010-06-09,1
397,Dr(a). Ryan Guerra,CRM/CE 94552,Pneumologia,ambulatorio,2015-03-15,0
398,Dr(a). Evelyn Freitas,CRM-PB-148812,Gastroenterologia,AMBULATORIO,2014-06-26,1
399,Dr(a). Thomas Barbosa,CRM/AC 104206,Ginecologia,Uti,2022-03-01,1
400,Dr(a). Yan Pires,CRM-SC-231310,Psiquiatria,ONCOLOGIA,2008-12-07,1
401,Dr(a). Marcela Duarte,39246-BA,Dermatologia,centro cirurgico,2005-04-04,1
402,Dr(a). Stephany Rios,CRM-AC-31158,Reumatologia,Uti,2011-02-03,1
403,Dr(a). Dra. Sara Rodrigues,CRM/SC 63048,Ginecologia,Uti,2021-05-07,1
404,Dr(a). Benício Fernandes,221662-AL,Gastroenterologia,Maternidade,2011-09-06,1
405,Dr(a). Asafe Aparecida,CRM/TO 67783,Neurologia,UTI,2012-12-30,1
406,Dr(a). Rhavi Azevedo,CRM/AL 168883,Clínica Geral,Maternidade,2017-03-11,1
407,Dr(a). João Gabriel Leão,CRM/RR 142882,Neurologia,Ambulatório,2014-05-20,1
408,Dr(a). Mariana Martins,CRM-PI-131966,Endocrinologia,P.S.,2018-07-26,1
409,Dr(a). Luigi Novais,CRM-CE-151126,Endocrinologia,Internacao ,2014-12-02,0
410,Dr(a). Ian da Cruz,222091-MA,Ortopedia,oncologia ,2010-09-27,1
411,Dr(a). Anthony Gabriel Albuquerque,CRM/ES 54825,Oncologia,MATERNIDADE,2007-10-18,0
412,Dr(a). José Casa Grande,182304-TO,Pediatria,CENTRO CIRURGICO,2012-04-27,1
413,Dr(a). Eloah Dias,134548-PB,Oftalmologia,Maternidade,2024-11-26,1
414,Dr(a). Sra. Esther Barbosa,134625-BA,Urologia,Uti,2015-11-18,0
415,Dr(a). Danilo da Rosa,CRM/PB 111509,Oncologia,Ambulatório,2008-09-23,1
416,Dr(a). Milena Mendes,CRM/AM 209507,Ortopedia,oncologia ,2010-10-20,1
417,Dr(a). João Miguel Costela,138874-GO,Reumatologia,Maternidade,2013-05-11,1
418,Dr(a). Gabriel da Paz,37400-PE,Dermatologia,ONCOLOGIA,2005-01-04,1
419,Dr(a). Nina Costa,CRM-SC-50762,Pneumologia,maternidade,2019-12-16,1
420,Dr(a). Gabriela Pacheco,CRM/BA 230785,Endocrinologia,Ambulatório,2019-03-01,0
421,Dr(a). Noah Aragão,CRM/SP 121735,Psiquiatria,Pronto Socorro,2007-08-27,0
422,Dr(a). Maria Liz Macedo,60595-MT,Cardiologia,ONCOLOGIA,2015-03-06,0
423,Dr(a). Marcelo Farias,156706-MT,Ortopedia,internacao,2007-02-13,1
424,Dr(a). Yago Novais,CRM-CE-47286,Ginecologia,centro cirurgico,2012-11-30,1
425,Dr(a). Enzo Gabriel Casa Grande,152753-MA,Neurologia,AMBULATORIO,2012-10-31,1
426,Dr(a). Mathias Teixeira,CRM/PE 27993,Pediatria,UTI,2014-06-05,0
427,Dr(a). Ana Clara Aragão,CRM-RR-108444,Pediatria,maternidade,2017-06-05,0
428,Dr(a). Bernardo Peixoto,122559-MT,Endocrinologia,Oncologia,2024-01-18,1
429,Dr(a). Bruna Câmara,242786-ES,Urologia,DIAGNOSTICO POR IMAGEM,2018-07-07,1
430,Dr(a). Vitor Gabriel Montenegro,CRM/PR 77487,Oncologia,Oncologia,2016-01-02,1
431,Dr(a). Luara Ferreira,CRM/MS 249098,Cardiologia,DIAGNOSTICO POR IMAGEM,2006-12-16,1
432,Dr(a). Luiz Fernando Ferreira,CRM-CE-181606,Reumatologia,CENTRO CIRURGICO,2017-11-16,1
433,Dr(a). Maria Clara Ramos,195597-GO,Psiquiatria,internacao,2013-12-04,1
434,Dr(a). João Miguel Freitas,CRM-SE-145545,Dermatologia,Centro Cirúrgico,2015-11-19,1
435,Dr(a). Allana Costela,CRM-RR-202789,Clínica Geral,diag. imagem,2016-02-06,0
436,Dr(a). Isabelly Moura,171408-MS,Neurologia,Ambulatorio ,2023-12-30,0
437,Dr(a). Catarina Pacheco,CRM/PB 247291,Gastroenterologia,Internação,2009-09-23,1
438,Dr(a). Brenda Barros,CRM-MT-86412,Pneumologia,diag. imagem,2009-05-24,1
439,Dr(a). Lucas Gabriel Aparecida,228246-MG,Pneumologia,ambulatorio,2005-09-15,1
440,Dr(a). Pietro Macedo,CRM-PR-52930,Endocrinologia,centro cirurgico,2012-03-22,1
441,Dr(a). Felipe Moura,CRM-AL-160484,Clínica Geral,DIAGNOSTICO POR IMAGEM,2012-08-12,1
442,Dr(a). Stella Campos,CRM/MT 103321,Reumatologia,diag. imagem,2018-05-19,1
443,Dr(a). Lucca Gomes,CRM-MT-22832,Reumatologia,MATERNIDADE,2013-08-16,1
444,Dr(a). Enzo Gabriel Teixeira,CRM/PE 116361,Oncologia,Pronto Socorro,2005-11-09,0
445,Dr(a). Sra. Maria Alice Barbosa,CRM/PE 27796,Oncologia,ONCOLOGIA,2020-09-22,0
446,Dr(a). Anna Liz Costa,CRM-CE-35319,Clínica Geral,maternidade,2023-01-21,1
447,Dr(a). Srta. Manuela Cassiano,CRM-RR-134544,Ginecologia,diag. imagem,2024-06-25,1
448,Dr(a). Eloá Correia,CRM/CE 176663,Oncologia,Ambulatorio ,2005-05-12,1
449,Dr(a). Sara Souza,CRM/RJ 84061,Clínica Geral,Oncologia,2022-05-07,1
450,Dr(a). Enzo Lima,CRM-MS-166423,Dermatologia,Maternidade,2019-03-14,1
451,Dr(a). Maria Luiza Rodrigues,CRM-RS-69907,Clínica Geral,Internacao ,2014-10-05,0
452,Dr(a). Davi Lucas Viana,CRM/PI 159597,Psiquiatria,maternidade,2008-03-09,1
453,Dr(a). Guilherme Fernandes,CRM/ES 143518,Ortopedia,ONCOLOGIA,2014-07-31,1
454,Dr(a). Emanuella Ferreira,CRM/PI 200970,Pneumologia,centro cirurgico,2016-05-22,1
455,Dr(a). Antonella Vargas,CRM-PR-47868,Oncologia,Ambulatório,2011-11-12,1
456,Dr(a). Eloah Sousa,CRM/SC 175685,Dermatologia,CENTRO CIRURGICO,2008-09-11,1
457,Dr(a). Isabelly Machado,CRM/MA 106589,Anestesiologia,Oncologia,2019-07-16,1
458,Dr(a). Ana Júlia Pires,CRM-TO-191930,Pediatria,uti,2011-11-15,1
459,Dr(a). Luan da Mota,CRM/AM 94977,Urologia,Ambulatório,2022-09-09,1
460,Dr(a). Lucas Souza,CRM-SE-213332,Ortopedia,UTI,2008-12-10,0
461,Dr(a). Milena Moura,CRM/SC 135732,Ortopedia,U.T.I.,2023-12-11,0
462,Dr(a). Maria Liz Nunes,CRM/PB 76827,Clínica Geral,ONCOLOGIA,2006-01-30,0
463,Dr(a). Lucca da Paz,CRM/RS 226404,Oncologia,Ambulatorio ,2016-12-13,1
464,Dr(a). Carolina Silveira,CRM/TO 174309,Endocrinologia,ONCOLOGIA,2015-04-09,1
465,Dr(a). Maria Eduarda Andrade,175058-TO,Urologia,UTI,2007-05-05,1
466,Dr(a). Maria Alice Vargas,CRM/RR 34500,Clínica Geral,pronto-socorro,2009-11-02,1
467,Dr(a). Maria Flor Sousa,CRM/BA 178145,Pediatria,oncologia ,2009-02-16,1
468,Dr(a). Stephany Pacheco,90025-RJ,Reumatologia,oncologia ,2011-01-15,1
469,Dr(a). Beatriz Azevedo,CRM-AC-39364,Cardiologia,Maternidade,2011-11-19,1
470,Dr(a). Luana Viana,CRM-MS-62150,Dermatologia,internacao,2024-10-15,1
471,Dr(a). Maria Cecília Rodrigues,CRM/DF 159689,Pediatria,Maternidade,2011-12-06,0
472,Dr(a). Maria Helena Cassiano,66085-RS,Ginecologia,Maternidade,2017-04-25,0
473,Dr(a). João Lucas Santos,CRM/PR 211412,Gastroenterologia,DIAGNOSTICO POR IMAGEM,2006-03-28,1
474,Dr(a). Igor Montenegro,77500-AL,Ortopedia,Maternidade,2016-06-10,1
475,Dr(a). Dr. Otávio Andrade,CRM/RJ 244346,Oftalmologia,uti,2010-06-01,1
476,Dr(a). Lorena da Mota,CRM/PR 185556,Reumatologia,Diagnóstico por Imagem,2021-06-20,0
477,Dr(a). Caleb Freitas,CRM-AM-77953,Psiquiatria,Ambulatório,2014-05-08,1
478,Dr(a). Isabela Pimenta,CRM-MA-115843,Pediatria,Internação,2018-01-13,0
479,Dr(a). Vitor Hugo Barros,CRM/RO 130524,Cardiologia,DIAGNOSTICO POR IMAGEM,2021-01-07,1
480,Dr(a). Bernardo das Neves,45169-RJ,Neurologia,oncologia ,2024-01-08,1
481,Dr(a). Sophie Casa Grande,CRM-MS-109951,Pneumologia,AMBULATORIO,2018-06-01,1
482,Dr(a). Kamilly Montenegro,245509-AP,Anestesiologia,Internação,2024-08-11,1
483,Dr(a). Breno Pinto,CRM/MS 100115,Urologia,Internacao ,2014-11-25,0
484,Dr(a). Stephany da Cunha,CRM/GO 26494,Dermatologia,Internação,2014-04-19,1
485,Dr(a). Maysa Viana,224242-MS,Oncologia,Diagnóstico por Imagem,2020-11-30,1
486,Dr(a). Alícia Cavalcante,CRM/BA 10450,Reumatologia,ONCOLOGIA,2014-01-24,1
487,Dr(a). Ayla Barbosa,211261-GO,Neurologia,internacao,2013-08-21,0
488,Dr(a). Srta. Valentina Sales,22413-PE,Gastroenterologia,diag. imagem,2016-12-01,1
489,Dr(a). Gabriela Alves,CRM-CE-53233,Neurologia,MATERNIDADE,2014-05-27,1
490,Dr(a). Gabriela da Mata,CRM/SP 146458,Ortopedia,Oncologia,2022-06-24,1
491,Dr(a). Mirella Moura,CRM/TO 204903,Psiquiatria,INTERNACAO,2017-02-16,1
492,Dr(a). Sra. Hellena Montenegro,CRM-RJ-149811,Oftalmologia,Pronto Socorro,2008-11-04,1
493,Dr(a). Pedro Miguel Cirino,CRM-MS-223080,Dermatologia,CENTRO CIRURGICO,2011-04-15,1
494,Dr(a). Gael Henrique Aparecida,184238-PB,Reumatologia,oncologia ,2012-10-20,0
495,Dr(a). Isadora Mendonça,CRM-MG-146391,Dermatologia,Maternidade,2023-09-08,1
496,Dr(a). Gael Pacheco,178472-RS,Psiquiatria,Centro Cirúrgico,2018-09-27,1
497,Dr(a). Lucas Gabriel Nascimento,CRM/CE 14682,Pediatria,diag. imagem,2012-04-14,1
498,Dr(a). Dr. Noah Aragão,239492-GO,Endocrinologia,DIAGNOSTICO POR IMAGEM,2009-12-15,1
499,Dr(a). Ester Moraes,CRM/PA 84448,Ortopedia,uti,2007-07-04,1
500,Dr(a). Mateus Nascimento,CRM-PA-150846,Endocrinologia,Internação,2024-05-05,1
501,Dr(a). Maria Julia Cirino,CRM/TO 139952,Gastroenterologia,Internacao ,2014-02-07,0
502,Dr(a). Maria Cecília Guerra,CRM/CE 16061,Ginecologia,Oncologia,2017-02-26,1
503,Dr(a). Sra. Jade Cardoso,207951-PE,Ginecologia,Oncologia,2012-08-11,1
504,Dr(a). Sr. Augusto Macedo,CRM-AC-78091,Clínica Geral,C. Cirúrgico,2011-03-28,1
505,Dr(a). Srta. Amanda Correia,43684-AL,Reumatologia,centro cirurgico,2006-11-18,1
506,Dr(a). Marina Castro,130935-PB,Ginecologia,Maternidade,2017-10-04,1
507,Dr(a). Raquel da Cunha,CRM-RJ-198366,Urologia,P.S.,2024-11-06,1
508,Dr(a). Ana Vitória Correia,61369-BA,Pneumologia,INTERNACAO,2020-11-25,0
509,Dr(a). Maitê Fogaça,CRM/TO 113562,Pneumologia,Internacao ,2005-02-08,1
510,Dr(a). Bryan Gonçalves,80801-CE,Clínica Geral,Oncologia,2017-11-08,1
511,Dr(a). Maysa Macedo,CRM-GO-137819,Ortopedia,Internação,2005-01-17,0
512,Dr(a). Dr. Rodrigo Monteiro,CRM-DF-198000,Pediatria,Ambulatorio ,2024-06-26,1
513,Dr(a). Joana Freitas,181962-SE,Pediatria,AMBULATORIO,2007-12-29,1
514,Dr(a). Elisa Rocha,CRM-PI-72655,Pediatria,Internacao ,2018-06-13,0
515,Dr(a). Joaquim da Cunha,CRM/PI 53994,Anestesiologia,CENTRO CIRURGICO,2013-07-15,0
516,Dr(a). Maria Flor Almeida,55655-MG,Pediatria,U.T.I.,2012-03-12,1
517,Dr(a). Dante Sousa,225770-BA,Endocrinologia,CENTRO CIRURGICO,2023-07-10,1
518,Dr(a). Srta. Caroline Cunha,CRM-ES-240042,Pediatria,oncologia ,2006-12-13,1
519,Dr(a). Dra. Carolina Machado,223362-ES,Cardiologia,Pronto  Socorro,2020-10-22,1
520,Dr(a). Dr. Eduardo Moreira,CRM/PI 171653,Oftalmologia,Internacao ,2011-07-29,1
521,Dr(a). Gabriela Freitas,12861-MS,Reumatologia,Centro Cirúrgico,2019-01-24,1
522,Dr(a). Melina Caldeira,CRM-RS-195640,Gastroenterologia,CENTRO CIRURGICO,2022-06-27,0
523,Dr(a). João Felipe Silveira,CRM-AL-76668,Clínica Geral,MATERNIDADE,2017-03-29,1
524,Dr(a). Maria Sophia da Mata,190065-MS,Oncologia,Uti,2022-09-09,1
525,Dr(a). Mariana Mendes,CRM/MS 70372,Pneumologia,Ambulatorio ,2014-06-21,1
526,Dr(a). Srta. Maria Eduarda Cardoso,212861-ES,Cardiologia,Ambulatório,2011-03-09,1
527,Dr(a). Maria Luiza Gonçalves,CRM-AM-161175,Oncologia,Diagnóstico por Imagem,2018-03-06,0
528,Dr(a). Vitor Hugo Gomes,CRM/TO 69578,Urologia,centro cirurgico,2015-03-07,0
529,Dr(a). Ísis Moreira,CRM/RS 142274,Urologia,AMBULATORIO,2021-05-04,0
530,Dr(a). André da Mota,CRM/AP 198416,Oncologia,UTI,2014-11-24,1
531,Dr(a). Luiz Otávio Abreu,CRM/MG 219163,Gastroenterologia,internacao,2023-10-27,1
532,Dr(a). Clara Correia,231602-PR,Oftalmologia,Centro Cirúrgico,2011-12-28,1
533,Dr(a). Vitória Peixoto,219412-MG,Psiquiatria,C. Cirúrgico,2006-11-29,1
534,Dr(a). Sophia Oliveira,59554-MG,Ginecologia,PRONTO SOCORRO,2018-12-12,1
535,Dr(a). Srta. Luara Cavalcante,CRM/RJ 36213,Pneumologia,pronto-socorro,2021-11-21,1
536,Dr(a). Ravy Abreu,CRM-PE-181788,Pneumologia,diag. imagem,2021-08-03,0
537,Dr(a). Vinícius Camargo,CRM-MA-179141,Ortopedia,Pronto Socorro,2024-07-14,1
538,Dr(a). Sra. Lavínia Pacheco,CRM/RR 80629,Oftalmologia,Internação,2018-06-13,1
539,Dr(a). Sra. Larissa Ferreira,193409-RN,Neurologia,pronto-socorro,2014-09-14,0
540,Dr(a). Isadora Almeida,171747-SE,Neurologia,Centro Cirúrgico,2023-08-03,1
541,Dr(a). Pietra Rodrigues,CRM/MS 39472,Reumatologia,DIAGNOSTICO POR IMAGEM,2008-01-15,0
542,Dr(a). Dom Peixoto,CRM-AC-238588,Ortopedia,C. Cirúrgico,2007-03-21,1
543,Dr(a). Caio Teixeira,CRM-RN-195015,Pediatria,Diagnóstico por Imagem,2009-08-19,1
544,Dr(a). João Guilherme Viana,CRM-RS-71245,Oftalmologia,MATERNIDADE,2021-09-27,1
545,Dr(a). João Ferreira,CRM-DF-226802,Cardiologia,Maternidade,2009-07-03,1
546,Dr(a). Ravi Lucca Pereira,CRM/MS 219278,Reumatologia,Oncologia,2010-02-01,1
547,Dr(a). Cecília da Cunha,CRM-RO-75490,Oftalmologia,ambulatorio,2018-01-18,1
548,Dr(a). Dra. Stephany Albuquerque,CRM/DF 177538,Cardiologia,Diagnóstico por Imagem,2023-11-10,0
549,Dr(a). Joana Ferreira,CRM-SC-97837,Ortopedia,Oncologia,2007-05-23,1
550,Dr(a). Ana Beatriz Nogueira,235734-SE,Psiquiatria,ONCOLOGIA,2013-04-12,1
551,Dr(a). Marcelo Rios,195885-PA,Psiquiatria,MATERNIDADE,2017-03-21,1
552,Dr(a). Sr. Ravi Lucca Ramos,CRM-AC-232983,Neurologia,Diagnóstico por Imagem,2015-04-04,1
553,Dr(a). Sr. Emanuel Garcia,CRM-AM-201043,Anestesiologia,Internação,2021-12-07,1
554,Dr(a). Pedro Henrique Sampaio,CRM/BA 63473,Oftalmologia,diag. imagem,2017-10-04,1
555,Dr(a). Francisco Nunes,CRM/PA 58160,Urologia,P.S.,2024-04-07,0
556,Dr(a). Maria Helena Sampaio,CRM-MS-237005,Ortopedia,Diagnóstico por Imagem,2024-06-09,1
557,Dr(a). Caroline da Cunha,CRM-PA-208189,Urologia,Centro Cirúrgico,2007-02-26,1
558,Dr(a). Davi Lucca Mendonça,CRM-PI-208860,Gastroenterologia,Oncologia,2007-06-06,1
559,Dr(a). Theo Albuquerque,47180-MT,Ortopedia,ONCOLOGIA,2007-02-16,1
560,Dr(a). Maria Isis Caldeira,CRM/PR 65736,Psiquiatria,diag. imagem,2009-03-07,1
561,Dr(a). Luiz Gustavo Sampaio,CRM-PI-46995,Endocrinologia,MATERNIDADE,2008-08-15,1
562,Dr(a). Anna Liz Silva,CRM/PI 89412,Neurologia,diag. imagem,2011-10-11,0
563,Dr(a). João Pedro Pastor,CRM-DF-96608,Anestesiologia,Diagnóstico por Imagem,2024-08-17,0
564,Dr(a). Nicolas Pastor,CRM-AP-213122,Oftalmologia,UTI,2021-06-25,1
565,Dr(a). Bryan Cardoso,CRM-AP-84894,Clínica Geral,AMBULATORIO,2019-12-28,1
566,Dr(a). Luara Peixoto,CRM/RJ 22402,Gastroenterologia,Oncologia,2018-10-25,1
567,Dr(a). Ana Carolina Costa,67248-TO,Oftalmologia,maternidade,2018-07-29,0
568,Dr(a). Lorena Fonseca,CRM/AL 15915,Endocrinologia,Maternidade,2017-07-31,0
569,Dr(a). Dr. Ravy da Luz,143474-AL,Reumatologia,diag. imagem,2010-12-20,1
570,Dr(a). Ana Laura Sampaio,CRM/TO 70611,Psiquiatria,AMBULATORIO,2023-04-01,0
571,Dr(a). Aurora das Neves,CRM/MG 235862,Cardiologia,oncologia ,2023-01-17,1
572,Dr(a). Rhavi Rios,CRM-RJ-248709,Neurologia,Internacao ,2018-05-31,1
573,Dr(a). Ana Cecília da Mata,CRM/MS 244835,Dermatologia,internacao,2023-07-04,1
574,Dr(a). Marcelo Novaes,40865-MT,Cardiologia,C. Cirúrgico,2006-12-22,1
575,Dr(a). Ana Clara Barros,CRM-RN-211479,Pneumologia,Pronto Socorro,2020-07-31,1
576,Dr(a). Maria Vitória Castro,170724-SC,Cardiologia,Oncologia,2007-03-07,1
577,Dr(a). Gabriela Brito,CRM/PR 122231,Oftalmologia,CENTRO CIRURGICO,2015-03-02,1
578,Dr(a). Ana Marques,CRM/AC 122302,Gastroenterologia,Oncologia,2020-07-06,1
579,Dr(a). Dr. Kaique Mendes,CRM-RS-73973,Clínica Geral,Pronto  Socorro,2020-06-05,1
580,Dr(a). Gabriela da Cruz,CRM/RN 211830,Ginecologia,diag. imagem,2021-08-02,1
581,Dr(a). Lara Nogueira,CRM/AM 36101,Ortopedia,uti,2016-11-20,0
582,Dr(a). Luiz Otávio Souza,CRM/PB 227403,Gastroenterologia,P.S.,2007-03-30,0
583,Dr(a). Stephany Monteiro,CRM/RJ 55049,Psiquiatria,DIAGNOSTICO POR IMAGEM,2010-12-28,1
584,Dr(a). Cauã Alves,CRM/AP 148808,Anestesiologia,oncologia ,2010-07-16,0
585,Dr(a). André Costa,CRM-SE-197295,Psiquiatria,CENTRO CIRURGICO,2012-06-09,0
586,Dr(a). Manuela Rodrigues,CRM/MT 51028,Endocrinologia,U.T.I.,2006-02-06,1
587,Dr(a). Rebeca Moreira,CRM-SP-160917,Pediatria,pronto-socorro,2022-05-11,1
588,Dr(a). Murilo Almeida,CRM/TO 64101,Anestesiologia,internacao,2024-01-05,1
589,Dr(a). Anthony Gabriel Nunes,CRM-RR-136584,Pneumologia,U.T.I.,2024-01-31,1
590,Dr(a). Josué Martins,CRM/MA 194260,Anestesiologia,Internação,2011-08-26,1
591,Dr(a). Sr. Davi Miguel Sales,CRM-PA-50815,Ginecologia,CENTRO CIRURGICO,2005-01-02,0
592,Dr(a). Benício Moreira,CRM/MG 86349,Gastroenterologia,ONCOLOGIA,2019-12-20,1
593,Dr(a). Felipe Marques,CRM/MS 114614,Ginecologia,Ambulatório,2009-05-06,1
594,Dr(a). Stephany da Conceição,CRM/PB 169240,Oftalmologia,U.T.I.,2010-01-28,1
595,Dr(a). Valentim da Rosa,CRM-AL-80438,Clínica Geral,CENTRO CIRURGICO,2022-05-29,0
596,Dr(a). Mathias Vasconcelos,CRM/RS 71722,Oncologia,Internação,2018-04-18,1
597,Dr(a). Amanda Aparecida,CRM/MA 123342,Oncologia,Internacao ,2014-03-09,1
598,Dr(a). Gabrielly Gonçalves,167225-ES,Urologia,Maternidade,2021-10-24,1
599,Dr(a). Lunna Casa Grande,CRM/GO 163181,Gastroenterologia,Ambulatório,2006-12-31,1
600,Dr(a). Dra. Maria Flor Rios,CRM/AC 127629,Anestesiologia,PRONTO SOCORRO,2023-06-07,1
