procedure_code,description,category,avg_duration_min,avg_cost
PRC00001,Consulta - Omnis 2,Consulta,147,88.72
PRC00002,Internação - Officiis 33,Internação,115,11913.69
PRC00003,Exame de Imagem - Molestiae 64,Exame de Imagem,100,412.42
PRC00004,Consulta - Doloremque 32,Consulta,208,238.1
PRC00005,Terapia - Nesciunt 7,Terapia,108,117.56
PRC00006,Cirurgia - Autem 8,Cirurgia,228,26856.11
PRC00007,Terapia - Sed 95,Terapia,114,146.95
PRC00008,Exame de Imagem - Architecto 74,Exame de Imagem,85,1697.64
PRC00009,Internação - Autem 53,Internação,199,4657.31
PRC00010,Exame de Imagem - Cum 76,Exame de Imagem,135,316.28
PRC00011,Exame de Imagem - Delectus 53,Exame de Imagem,149,735.74
PRC00012,Internação - Unde 50,Internação,79,6970.93
PRC00013,Exame de Imagem - Beatae 71,Exame de Imagem,211,1661.59
PRC00014,Internação - Asperiores 73,Internação,199,5521.05
PRC00015,Cirurgia - Distinctio 94,Cirurgia,76,27255.38
PRC00016,Cirurgia - Deserunt 12,Cirurgia,188,4912.69
PRC00017,Internação - Labore 41,Internação,197,9408.15
PRC00018,Internação - Quae 1,Internação,108,1630.99
PRC00019,Exame de Imagem - Reprehenderit 28,Exame de Imagem,45,202.89
PRC00020,Exame de Imagem - Voluptates 14,Exame de Imagem,146,1252.72
PRC00021,Internação - Est 67,Internação,26,5259.14
PRC00022,Terapia - Minus 37,Terapia,227,189.65
PRC00023,Exame de Imagem - Accusantium 2,Exame de Imagem,76,1727.2
PRC00024,Cirurgia - Ipsa 67,Cirurgia,65,41786.57
PRC00025,Internação - Error 65,Internação,11,7469.1
PRC00026,Internação - Neque 14,Internação,166,10623.23
PRC00027,Cirurgia - Dolorem 53,Cirurgia,182,21754.51
PRC00028,Cirurgia - Doloremque 83,Cirurgia,127,30905.11
PRC00029,Cirurgia - Sit 23,Cirurgia,191,17241.88
PRC00030,Consulta - A 24,Consulta,90,302.51
PRC00031,Consulta - Quo 66,Consulta,206,394.18
PRC00032,Consulta - Exercitationem 33,Consulta,73,282.03
PRC00033,Exame Laboratorial - Distinctio 49,Exame Laboratorial,30,168.01
PRC00034,Consulta - Architecto 19,Consulta,174,208.32
PRC00035,Cirurgia - Incidunt 6,Cirurgia,46,34872.76
PRC00036,Cirurgia - Voluptas 28,Cirurgia,70,41864.59
PRC00037,Exame de Imagem - Sunt 55,Exame de Imagem,35,843.21
PRC00038,Consulta - Nostrum 55,Consulta,127,172.6
PRC00039,Cirurgia - Architecto 50,Cirurgia,89,6395.34
PRC00040,Consulta - Voluptatibus 52,Consulta,123,127.59
PRC00041,Consulta - Consequuntur 92,Consulta,210,348.25
PRC00042,Cirurgia - Fugit 77,Cirurgia,177,32370.15
PRC00043,Cirurgia - Enim 61,Cirurgia,86,18813.9
PRC00044,Exame de Imagem - Dignissimos 52,Exame de Imagem,107,939.34
PRC00045,Exame Laboratorial - Soluta 89,Exame Laboratorial,154,155.04
PRC00046,Exame de Imagem - Facilis 25,Exame de Imagem,75,294.17
PRC00047,Consulta - Esse 66,Consulta,68,120.93
PRC00048,Internação - Aut 33,Internação,231,7448.32
PRC00049,Consulta - Dolor 86,Consulta,167,206.11
PRC00050,Internação - Unde 58,Internação,142,9198.3
PRC00051,Cirurgia - Quo 10,Cirurgia,148,11354.64
PRC00052,Cirurgia - Expedita 7,Cirurgia,232,33572.23
PRC00053,Cirurgia - Error 72,Cirurgia,188,28890.64
PRC00054,Exame Laboratorial - Itaque 67,Exame Laboratorial,51,233.13
PRC00055,Exame de Imagem - Recusandae 92,Exame de Imagem,187,799.58
PRC00056,Internação - Iusto 73,Internação,170,8324.62
PRC00057,Consulta - Ea 7,Consulta,224,153.24
PRC00058,Consulta - Odio 75,Consulta,217,128.92
PRC00059,Terapia - Voluptas 6,Terapia,181,81.71
PRC00060,Consulta - Ab 45,Consulta,149,346.7
PRC00061,Terapia - Quo 15,Terapia,39,130.23
PRC00062,Exame Laboratorial - Accusamus 68,Exame Laboratorial,204,163.93
PRC00063,Terapia - Aut 8,Terapia,136,169.89
PRC00064,Exame de Imagem - Libero 65,Exame de Imagem,67,685.37
PRC00065,Internação - Minima 71,Internação,55,11351.02
PRC00066,Exame Laboratorial - Placeat 71,Exame Laboratorial,168,151.05
PRC00067,Terapia - Dolores 36,Terapia,85,155.21
PRC00068,Consulta - Accusamus 19,Consulta,105,84.45
PRC00069,Consulta - Molestiae 30,Consulta,117,215.44
PRC00070,Consulta - Quo 39,Consulta,202,287.26
PRC00071,Internação - Reprehenderit 31,Internação,192,9845.77
PRC00072,Exame Laboratorial - Maiores 68,Exame Laboratorial,72,46.61
PRC00073,Terapia - Delectus 6,Terapia,149,149.06
PRC00074,Exame de Imagem - Nulla 61,Exame de Imagem,76,715.37
PRC00075,Internação - Saepe 67,Internação,151,9705.5
PRC00076,Exame de Imagem - Similique 16,Exame de Imagem,102,255.3
PRC00077,Cirurgia - Dolorum 49,Cirurgia,13,14562.11
PRC00078,Exame Laboratorial - Sed 90,Exame Laboratorial,27,160.01
PRC00079,Cirurgia - Rem 80,Cirurgia,110,39767.98
PRC00080,Internação - Sint 54,Internação,67,11809.4
PRC00081,Consulta - Velit 79,Consulta,201,168.93
PRC00082,Exame de Imagem - Perferendis 56,Exame de Imagem,41,458.09
PRC00083,Internação - Quibusdam 34,Internação,172,10286.5
PRC00084,Internação - Sequi 50,Internação,83,2693.28
PRC00085,Internação - Consequatur 51,Internação,44,3288.63
PRC00086,Terapia - Adipisci 73,Terapia,56,116.52
PRC00087,Exame de Imagem - Adipisci 75,Exame de Imagem,135,362.04
PRC00088,Internação - Reprehenderit 36,Internação,78,5397.98
PRC00089,Internação - Animi 48,Internação,163,8652.61
PRC00090,Exame de Imagem - Quidem 6,Exame de Imagem,204,1181.11
PRC00091,Exame de Imagem - Excepturi 7,Exame de Imagem,203,620.84
PRC00092,Consulta - Harum 43,Consulta,114,353.38
PRC00093,Consulta - Ullam 59,Consulta,43,170.87
PRC00094,Consulta - Quia 62,Consulta,23,331.58
PRC00095,Cirurgia - Modi 19,Cirurgia,150,23563.42
PRC00096,Exame Laboratorial - Officiis 38,Exame Laboratorial,75,142.18
PRC00097,Internação - Delectus 92,Internação,43,890.22
PRC00098,Terapia - Nostrum 58,Terapia,108,96.33
PRC00099,Exame Laboratorial - Labore 29,Exame Laboratorial,51,59.14
PRC00100,Internação - Adipisci 74,Internação,127,6855.28
PRC00101,Internação - Nobis 39,Internação,76,8402.53
PRC00102,Internação - Porro 13,Internação,208,10312.19
PRC00103,Cirurgia - Fugit 37,Cirurgia,179,23703.83
PRC00104,Consulta - Maxime 96,Consulta,210,151.04
PRC00105,Exame Laboratorial - Maiores 84,Exame Laboratorial,77,71.97
PRC00106,Exame Laboratorial - Voluptatibus 74,Exame Laboratorial,145,215.86
PRC00107,Exame de Imagem - Odio 9,Exame de Imagem,54,167.92
PRC00108,Consulta - Voluptatibus 93,Consulta,48,109.11
PRC00109,Terapia - Ratione 8,Terapia,71,164.31
PRC00110,Cirurgia - Provident 99,Cirurgia,184,5392.7
PRC00111,Exame Laboratorial - Officiis 70,Exame Laboratorial,18,110.14
PRC00112,Exame Laboratorial - Minus 63,Exame Laboratorial,152,88.17
PRC00113,Consulta - Eaque 16,Consulta,164,347.39
PRC00114,Internação - Dolore 95,Internação,153,5837.15
PRC00115,Cirurgia - Ab 31,Cirurgia,126,7062.1
PRC00116,Consulta - Accusantium 92,Consulta,217,324.35
PRC00117,Terapia - Quo 71,Terapia,10,71.79
PRC00118,Exame de Imagem - Temporibus 99,Exame de Imagem,217,1698.73
PRC00119,Consulta - Quas 91,Consulta,162,160.54
PRC00120,Exame Laboratorial - Animi 49,Exame Laboratorial,165,208.12
PRC00121,Exame Laboratorial - Voluptatibus 19,Exame Laboratorial,180,209.72
PRC00122,Internação - Dolores 99,Internação,38,7992.47
PRC00123,Exame de Imagem - Ab 70,Exame de Imagem,237,460.93
PRC00124,Exame Laboratorial - Laudantium 16,Exame Laboratorial,39,113.66
PRC00125,Consulta - Temporibus 11,Consulta,233,284.82
PRC00126,Terapia - Tenetur 66,Terapia,199,262.92
PRC00127,Terapia - Ut 10,Terapia,217,66.67
PRC00128,Consulta - Corporis 59,Consulta,104,170.2
PRC00129,Consulta - Tempora 30,Consulta,124,310.06
PRC00130,Consulta - Nulla 3,Consulta,209,333.11
PRC00131,Internação - Explicabo 30,Internação,25,863.27
PRC00132,Cirurgia - Quae 55,Cirurgia,50,37835.46
PRC00133,Terapia - Temporibus 92,Terapia,72,77.44
PRC00134,Exame de Imagem - Consequuntur 92,Exame de Imagem,94,1205.43
PRC00135,Terapia - Quaerat 55,Terapia,194,216.89
PRC00136,Terapia - Dolorem 90,Terapia,12,86.88
PRC00137,Internação - Sunt 5,Internação,85,2681.4
PRC00138,Consulta - Doloribus 50,Consulta,237,113.87
PRC00139,Cirurgia - Ullam 20,Cirurgia,207,9192.96
PRC00140,Exame de Imagem - In 84,Exame de Imagem,195,1649.98
PRC00141,Consulta - Libero 88,Consulta,31,257.56
PRC00142,Consulta - Eveniet 58,Consulta,177,328.1
PRC00143,Cirurgia - Ipsa 94,Cirurgia,83,26726.48
PRC00144,Consulta - Tempore 98,Consulta,194,293.37
PRC00145,Consulta - Repellendus 99,Consulta,198,104.92
PRC00146,Exame de Imagem - Veritatis 18,Exame de Imagem,72,1390.94
PRC00147,Terapia - Aut 35,Terapia,160,230.64
PRC00148,Internação - Voluptatum 72,Internação,84,6000.32
PRC00149,Exame de Imagem - Inventore 47,Exame de Imagem,28,171.85
PRC00150,Exame de Imagem - Esse 13,Exame de Imagem,141,1080.69
PRC00151,Exame Laboratorial - Molestiae 7,Exame Laboratorial,173,106.65
PRC00152,Exame de Imagem - Aliquid 8,Exame de Imagem,134,530.07
PRC00153,Cirurgia - Architecto 9,Cirurgia,194,41146.57
PRC00154,Exame de Imagem - Numquam 59,Exame de Imagem,231,881.54
PRC00155,Internação - Expedita 62,Internação,99,5443.13
PRC00156,Internação - Aliquid 92,Internação,98,9435.37
PRC00157,Exame de Imagem - Cupiditate 87,Exame de Imagem,36,1008.88
PRC00158,Internação - Iure 82,Internação,211,4854.1
PRC00159,Terapia - Qui 27,Terapia,158,287.05
PRC00160,Consulta - Dolor 51,Consulta,184,371.45
PRC00161,Exame de Imagem - Repellat 37,Exame de Imagem,224,228.92
PRC00162,Internação - Sequi 65,Internação,170,9684.65
PRC00163,Cirurgia - Rem 35,Cirurgia,67,39999.0
PRC00164,Exame Laboratorial - Porro 9,Exame Laboratorial,211,221.64
PRC00165,Internação - Fugiat 7,Internação,37,1105.63
PRC00166,Cirurgia - Quas 30,Cirurgia,226,2519.21
PRC00167,Exame de Imagem - Aspernatur 16,Exame de Imagem,64,261.77
PRC00168,Exame de Imagem - Itaque 66,Exame de Imagem,123,1604.98
PRC00169,Consulta - Assumenda 36,Consulta,59,261.13
PRC00170,Consulta - Laudantium 17,Consulta,73,354.61
PRC00171,Terapia - Ad 66,Terapia,72,132.62
PRC00172,Consulta - Consequatur 74,Consulta,117,390.51
PRC00173,Exame Laboratorial - Vel 54,Exame Laboratorial,120,194.13
PRC00174,Cirurgia - Officiis 90,Cirurgia,215,38527.48
PRC00175,Cirurgia - Molestias 33,Cirurgia,218,5407.39
PRC00176,Terapia - Corrupti 82,Terapia,49,208.15
PRC00177,Terapia - Ratione 31,Terapia,117,89.76
PRC00178,Exame Laboratorial - Quae 26,Exame Laboratorial,18,197.71
PRC00179,Exame de Imagem - Culpa 92,Exame de Imagem,176,1125.88
PRC00180,Exame de Imagem - Culpa 55,Exame de Imagem,179,582.06
PRC00181,Exame Laboratorial - Sit 79,Exame Laboratorial,154,227.89
PRC00182,Consulta - Beatae 49,Consulta,54,106.44
PRC00183,Consulta - Alias 85,Consulta,42,229.29
PRC00184,Exame Laboratorial - Officia 25,Exame Laboratorial,108,38.25
PRC00185,Cirurgia - Dolores 14,Cirurgia,90,28771.77
PRC00186,Cirurgia - Aspernatur 98,Cirurgia,81,38366.51
PRC00187,Exame Laboratorial - Accusantium 61,Exame Laboratorial,186,202.96
PRC00188,Cirurgia - Aperiam 1,Cirurgia,115,4082.84
PRC00189,Internação - Ea 8,Internação,73,2232.13
PRC00190,Exame Laboratorial - Inventore 34,Exame Laboratorial,210,33.7
PRC00191,Terapia - Consectetur 57,Terapia,35,209.35
PRC00192,Internação - Corporis 99,Internação,121,9574.43
PRC00193,Exame Laboratorial - Velit 8,Exame Laboratorial,72,241.57
PRC00194,Cirurgia - Quis 26,Cirurgia,145,10803.64
PRC00195,Internação - Impedit 67,Internação,125,3763.91
PRC00196,Consulta - Magni 47,Consulta,88,260.8
PRC00197,Consulta - Recusandae 22,Consulta,106,334.09
PRC00198,Terapia - Eveniet 76,Terapia,181,192.31
PRC00199,Cirurgia - Reiciendis 17,Cirurgia,67,19839.54
PRC00200,Exame de Imagem - Laborum 25,Exame de Imagem,101,259.37
PRC00201,Terapia - Delectus 69,Terapia,214,214.5
PRC00202,Cirurgia - Vero 66,Cirurgia,35,33786.4
PRC00203,Consulta - Possimus 36,Consulta,165,87.27
PRC00204,Terapia - Officiis 60,Terapia,239,103.18
PRC00205,Terapia - Eligendi 54,Terapia,232,166.46
PRC00206,Exame Laboratorial - Quod 7,Exame Laboratorial,167,207.16
PRC00207,Terapia - Magnam 77,Terapia,79,141.42
PRC00208,Exame de Imagem - At 49,Exame de Imagem,118,1170.16
PRC00209,Terapia - Modi 95,Terapia,67,212.56
PRC00210,Exame Laboratorial - Repudiandae 68,Exame Laboratorial,47,120.34
PRC00211,Exame de Imagem - Dicta 7,Exame de Imagem,200,386.77
PRC00212,Terapia - Id 71,Terapia,125,93.38
PRC00213,Exame de Imagem - Veniam 32,Exame de Imagem,29,1452.09
PRC00214,Terapia - Impedit 25,Terapia,111,264.03
PRC00215,Terapia - Quo 19,Terapia,174,90.93
PRC00216,Internação - Labore 14,Internação,56,3952.18
PRC00217,Exame Laboratorial - Unde 77,Exame Laboratorial,213,189.05
PRC00218,Cirurgia - Dolore 74,Cirurgia,235,18422.03
PRC00219,Exame de Imagem - Dolorum 95,Exame de Imagem,36,1491.35
PRC00220,Internação - Blanditiis 46,Internação,187,2111.35
PRC00221,Consulta - Quasi 98,Consulta,44,142.18
PRC00222,Cirurgia - Similique 86,Cirurgia,222,11014.5
PRC00223,Internação - Ex 48,Internação,89,5496.86
PRC00224,Cirurgia - Deleniti 68,Cirurgia,77,5668.56
PRC00225,Exame Laboratorial - Illo 35,Exame Laboratorial,162,99.21
PRC00226,Exame Laboratorial - Voluptas 72,Exame Laboratorial,124,40.8
PRC00227,Internação - Voluptate 66,Internação,126,6844.57
PRC00228,Consulta - Culpa 32,Consulta,111,86.17
PRC00229,Exame de Imagem - Impedit 4,Exame de Imagem,95,1755.85
PRC00230,Cirurgia - Sed 25,Cirurgia,171,12497.2
PRC00231,Cirurgia - Laboriosam 5,Cirurgia,129,33544.58
PRC00232,Internação - Amet 32,Internação,115,8154.43
PRC00233,Exame Laboratorial - Cum 20,Exame Laboratorial,192,75.77
PRC00234,Exame de Imagem - Repudiandae 26,Exame de Imagem,111,1646.97
PRC00235,Cirurgia - Recusandae 80,Cirurgia,194,26218.87
PRC00236,Cirurgia - Quod 42,Cirurgia,222,9310.18
PRC00237,Exame de Imagem - Rerum 68,Exame de Imagem,45,337.79
PRC00238,Terapia - Quidem 67,Terapia,80,169.93
PRC00239,Cirurgia - Veniam 90,Cirurgia,80,16445.57
PRC00240,Exame de Imagem - Officia 16,Exame de Imagem,56,354.25
PRC00241,Terapia - Quia 98,Terapia,80,143.41
PRC00242,Internação - Aperiam 68,Internação,36,6101.75
PRC00243,Cirurgia - Eos 12,Cirurgia,127,26064.34
PRC00244,Terapia - Alias 87,Terapia,87,199.17
PRC00245,Internação - Officia 63,Internação,212,7050.26
PRC00246,Terapia - Corporis 47,Terapia,146,233.37
PRC00247,Consulta - Minima 17,Consulta,74,331.37
PRC00248,Cirurgia - Dignissimos 11,Cirurgia,127,3229.69
PRC00249,Terapia - Ipsam 13,Terapia,40,78.69
PRC00250,Exame de Imagem - Quos 14,Exame de Imagem,218,1002.49
